{"cameraMode":{"drawMode":0,"name":"Shaded","section":"Shading Mode"},"sceneLighting":false,"audioPlay":false,"sceneViewState":{"showFog":true,"showMaterialUpdate":false,"showSkybox":false,"showFlares":true,"showImageEffects":true,"showParticleSystems":true},"in2DMode":false,"pivot":{"x":2.9802322387695315e-8,"y":1.0750000476837159,"z":-5.960464477539063e-8},"rotation":{"x":-0.09567925333976746,"y":0.8072274923324585,"z":-0.1364055573940277,"w":-0.5662356615066528},"size":5.653061389923096,"orthographic":true}