{"cameraMode":{"drawMode":0,"name":"Shaded","section":"Shading Mode"},"sceneLighting":false,"audioPlay":false,"sceneViewState":{"showFog":true,"showMaterialUpdate":false,"showSkybox":false,"showFlares":true,"showImageEffects":true,"showParticleSystems":true},"in2DMode":false,"pivot":{"x":0.19971928000450135,"y":-0.27698466181755068,"z":0.4385470747947693},"rotation":{"x":-0.06841859221458435,"y":-0.8609874248504639,"z":0.12036414444446564,"w":-0.4894202649593353},"size":1.1957136392593384,"orthographic":true}