{"cameraMode":{"drawMode":0,"name":"Shaded","section":"Shading Mode"},"sceneLighting":false,"audioPlay":false,"sceneViewState":{"showFog":true,"showMaterialUpdate":false,"showSkybox":false,"showFlares":true,"showImageEffects":true,"showParticleSystems":true},"in2DMode":false,"pivot":{"x":0.19971928000450135,"y":-0.27698466181755068,"z":0.43854713439941409},"rotation":{"x":0.08332978934049607,"y":-0.9111937284469605,"z":0.22820325195789338,"w":0.3327242136001587},"size":1.1957136392593384,"orthographic":true}