{"cameraMode":{"drawMode":0,"name":"Shaded","section":"Shading Mode"},"sceneLighting":false,"audioPlay":false,"sceneViewState":{"showFog":true,"showMaterialUpdate":false,"showSkybox":false,"showFlares":true,"showImageEffects":true,"showParticleSystems":true},"in2DMode":false,"pivot":{"x":233.1999969482422,"y":295.0,"z":0.08612194657325745},"rotation":{"x":0.2541159391403198,"y":0.057417090982198718,"z":-0.015114857815206051,"w":0.9653496146202087},"size":1242.1680908203125,"orthographic":false}