{"cameraMode":{"drawMode":0,"name":"Shaded","section":"Shading Mode"},"sceneLighting":false,"audioPlay":false,"sceneViewState":{"showFog":true,"showMaterialUpdate":false,"showSkybox":false,"showFlares":true,"showImageEffects":true,"showParticleSystems":true},"in2DMode":false,"pivot":{"x":38.419158935546878,"y":3.614205837249756,"z":0.6877881288528442},"rotation":{"x":-0.6053141355514526,"y":-0.10073148459196091,"z":0.07759849727153778,"w":-0.7857648730278015},"size":11.222298622131348,"orthographic":false}